{"cameraMode":{"drawMode":0,"name":"Shaded","section":"Shading Mode"},"sceneLighting":false,"audioPlay":false,"sceneViewState":{"showFog":true,"showMaterialUpdate":false,"showSkybox":false,"showFlares":true,"showImageEffects":true,"showParticleSystems":true},"in2DMode":false,"pivot":{"x":-0.1899999976158142,"y":1.1399999856948853,"z":1.100000023841858},"rotation":{"x":-0.18916013836860658,"y":-0.24282927811145783,"z":0.04833978787064552,"w":-0.9502254128456116},"size":0.6807265281677246,"orthographic":true}